{
  "unbalanced": {
    "dataset_name": "unbalanced",
    "total_users": 32570,
    "depressed_count": 10325,
    "normal_count": 22245,
    "depressed_ratio": 0.3170095179613141,
    "normal_ratio": 0.682990482038686,
    "gender_distribution": {
      "女": {
        "0": 16920,
        "1": 7726
      },
      "男": {
        "0": 5325,
        "1": 2599
      }
    },
    "age_statistics": {
      "count": {
        "0": 11220,
        "1": 5127
      },
      "mean": {
        "0": 161.61363636363637,
        "1": 115.90228203627852
      },
      "median": {
        "0": 30.0,
        "1": 28.0
      },
      "std": {
        "0": 494.32841410222903,
        "1": 405.1666015822501
      },
      "min": {
        "0": 5.0,
        "1": 2.0
      },
      "max": {
        "0": 2025.0,
        "1": 2025.0
      }
    }
  },
  "balanced": {
    "dataset_name": "balanced",
    "total_users": 20650,
    "depressed_count": 10325,
    "normal_count": 10325,
    "depressed_ratio": 0.5,
    "normal_ratio": 0.5,
    "gender_distribution": {
      "女": {
        "0": 7852,
        "1": 7726
      },
      "男": {
        "0": 2473,
        "1": 2599
      }
    },
    "age_statistics": {
      "count": {
        "0": 5178,
        "1": 5127
      },
      "mean": {
        "0": 169.6467748165315,
        "1": 115.90228203627852
      },
      "median": {
        "0": 30.0,
        "1": 28.0
      },
      "std": {
        "0": 507.7953634561891,
        "1": 405.1666015822501
      },
      "min": {
        "0": 5.0,
        "1": 2.0
      },
      "max": {
        "0": 2025.0,
        "1": 2025.0
      }
    }
  }
}