{
  "tfidf": {
    "original": {
      "log_reg": {
        "accuracy": 0.8322017458777885,
        "precision": 0.8407960199004975,
        "recall": 0.8195926285160039,
        "f1": 0.8300589390962672,
        "roc_auc": 0.9143677425606396
      },
      "mlp": {
        "accuracy": 0.8329291949563531,
        "precision": 0.8347147732813262,
        "recall": 0.8302618816682832,
        "f1": 0.8324823729637733,
        "roc_auc": 0.9147445202599154
      },
      "kmeans_unsup": {
        "accuracy": 0.5193986420950534,
        "precision": 1.0,
        "recall": 0.038797284190106696,
        "f1": 0.07469654528478058,
        "roc_auc": 0.7176008809354247
      }
    },
    "pca": {
      "log_reg": {
        "accuracy": 0.7982541222114452,
        "precision": 0.8390297684674752,
        "recall": 0.7381183317167799,
        "f1": 0.7853457172342622,
        "roc_auc": 0.8708510942546339
      },
      "mlp": {
        "accuracy": 0.7989815712900097,
        "precision": 0.797682279092226,
        "recall": 0.8011639185257032,
        "f1": 0.7994193080087105,
        "roc_auc": 0.8707545479090955
      },
      "kmeans_unsup": {
        "accuracy": 0.533462657613967,
        "precision": 1.0,
        "recall": 0.06692531522793405,
        "f1": 0.12545454545454546,
        "roc_auc": 0.8710905197838867
      }
    }
  },
  "ngrams": {
    "original": {
      "log_reg": {
        "accuracy": 0.827109602327837,
        "precision": 0.8256880733944955,
        "recall": 0.8292919495635306,
        "f1": 0.8274860875877087,
        "roc_auc": 0.9090007770746058
      },
      "mlp": {
        "accuracy": 0.8368089233753637,
        "precision": 0.8271314178049929,
        "recall": 0.8516003879728419,
        "f1": 0.8391875746714457,
        "roc_auc": 0.911792859756849
      },
      "kmeans_unsup": {
        "accuracy": 0.5002424830261881,
        "precision": 0.5001212709192335,
        "recall": 1.0,
        "f1": 0.6667744543249797,
        "roc_auc": 0.5033947623666344
      }
    },
    "pca": {
      "log_reg": {
        "accuracy": 0.7757032007759457,
        "precision": 0.7338543809132044,
        "recall": 0.8651794374393792,
        "f1": 0.7941241931894056,
        "roc_auc": 0.8641068439952171
      },
      "mlp": {
        "accuracy": 0.8077109602327837,
        "precision": 0.7911886186324002,
        "recall": 0.8360814742967992,
        "f1": 0.8130157981608112,
        "roc_auc": 0.8838693282255886
      },
      "kmeans_unsup": {
        "accuracy": 0.5,
        "precision": 0.5,
        "recall": 1.0,
        "f1": 0.6666666666666666,
        "roc_auc": 0.5004849660523764
      }
    }
  },
  "word2vec": {
    "original": {
      "log_reg": {
        "accuracy": 0.9369544131910766,
        "precision": 0.9429695181907571,
        "recall": 0.930164888457808,
        "f1": 0.9365234375,
        "roc_auc": 0.9790159281478813
      },
      "mlp": {
        "accuracy": 0.9478661493695442,
        "precision": 0.9601395117090185,
        "recall": 0.934529582929195,
        "f1": 0.9471614647333497,
        "roc_auc": 0.9853000251185132
      },
      "kmeans_unsup": {
        "accuracy": 0.7737633365664404,
        "precision": 0.7168651555897042,
        "recall": 0.9049466537342385,
        "f1": 0.8,
        "roc_auc": 0.8789355865361006
      }
    },
    "pca": {
      "log_reg": {
        "accuracy": 0.934529582929195,
        "precision": 0.9400785854616895,
        "recall": 0.9282250242483027,
        "f1": 0.9341142020497804,
        "roc_auc": 0.9768258195738131
      },
      "mlp": {
        "accuracy": 0.9471387002909797,
        "precision": 0.9532940019665683,
        "recall": 0.9403491755577109,
        "f1": 0.94677734375,
        "roc_auc": 0.9846151458049731
      },
      "kmeans_unsup": {
        "accuracy": 0.7710960232783706,
        "precision": 0.7136850152905199,
        "recall": 0.9054316197866149,
        "f1": 0.7982043608379649,
        "roc_auc": 0.8786291312663401
      }
    }
  },
  "glove": {
    "original": {
      "log_reg": {
        "accuracy": 0.9427740058195926,
        "precision": 0.9497536945812808,
        "recall": 0.9350145489815713,
        "f1": 0.9423264907135875,
        "roc_auc": 0.9796777586383696
      },
      "mlp": {
        "accuracy": 0.9519883608147429,
        "precision": 0.9650698602794411,
        "recall": 0.9379243452958292,
        "f1": 0.9513034923757994,
        "roc_auc": 0.9864451753168744
      },
      "kmeans_unsup": {
        "accuracy": 0.7919495635305529,
        "precision": 0.7336956521739131,
        "recall": 0.9165858389912707,
        "f1": 0.815006468305304,
        "roc_auc": 0.8928079205163689
      }
    },
    "pca": {
      "log_reg": {
        "accuracy": 0.9381668283220175,
        "precision": 0.9448547513540128,
        "recall": 0.9306498545101843,
        "f1": 0.937698509650623,
        "roc_auc": 0.9781979301216129
      },
      "mlp": {
        "accuracy": 0.94180407371484,
        "precision": 0.9470068694798822,
        "recall": 0.9359844810863239,
        "f1": 0.9414634146341463,
        "roc_auc": 0.9817625011642007
      },
      "kmeans_unsup": {
        "accuracy": 0.7912221144519883,
        "precision": 0.732842186894145,
        "recall": 0.9165858389912707,
        "f1": 0.8144796380090498,
        "roc_auc": 0.8928126243578081
      }
    }
  }
}