{
  "tfidf": {
    "original": {
      "log_reg": {
        "accuracy": 0.8460356484326982,
        "precision": 0.7393066186402522,
        "recall": 0.7951573849878935,
        "f1": 0.7662155856276248,
        "roc_auc": 0.9175383755168373
      },
      "mlp": {
        "accuracy": 0.8610940381069453,
        "precision": 0.8898589657488247,
        "recall": 0.6416464891041163,
        "f1": 0.7456387169386607,
        "roc_auc": 0.9167185206862933
      },
      "kmeans_unsup": {
        "accuracy": 0.6826982175783651,
        "precision": 0.0,
        "recall": 0.0,
        "f1": 0.0,
        "roc_auc": 0.5
      }
    },
    "pca": {
      "log_reg": {
        "accuracy": 0.8378918254456054,
        "precision": 0.7555668016194332,
        "recall": 0.723002421307506,
        "f1": 0.738926008413759,
        "roc_auc": 0.8756922089267389
      },
      "mlp": {
        "accuracy": 0.8552550706822373,
        "precision": 0.8352238805970149,
        "recall": 0.6774818401937046,
        "f1": 0.7481283422459892,
        "roc_auc": 0.8827767268914455
      },
      "kmeans_unsup": {
        "accuracy": 0.6826982175783651,
        "precision": 0.0,
        "recall": 0.0,
        "f1": 0.0,
        "roc_auc": 0.5
      }
    }
  },
  "ngrams": {
    "original": {
      "log_reg": {
        "accuracy": 0.8283650891210818,
        "precision": 0.6894484412470024,
        "recall": 0.8353510895883777,
        "f1": 0.7554193124589446,
        "roc_auc": 0.9073829442510705
      },
      "mlp": {
        "accuracy": 0.8586355255070682,
        "precision": 0.8989547038327527,
        "recall": 0.6246973365617433,
        "f1": 0.7371428571428572,
        "roc_auc": 0.9111618842709838
      },
      "kmeans_unsup": {
        "accuracy": 0.6826982175783651,
        "precision": 0.0,
        "recall": 0.0,
        "f1": 0.0,
        "roc_auc": 0.5
      }
    },
    "pca": {
      "log_reg": {
        "accuracy": 0.7393976644130301,
        "precision": 0.557494546587722,
        "recall": 0.8663438256658595,
        "f1": 0.6784224497535077,
        "roc_auc": 0.860755689909148
      },
      "mlp": {
        "accuracy": 0.832360172095882,
        "precision": 0.8468660968660968,
        "recall": 0.5757869249394673,
        "f1": 0.6855001441337562,
        "roc_auc": 0.8813889029673143
      },
      "kmeans_unsup": {
        "accuracy": 0.6826982175783651,
        "precision": 0.0,
        "recall": 0.0,
        "f1": 0.0,
        "roc_auc": 0.5
      }
    }
  },
  "word2vec": {
    "original": {
      "log_reg": {
        "accuracy": 0.9388444990780578,
        "precision": 0.8878548161935784,
        "recall": 0.9239709443099273,
        "f1": 0.9055529188419553,
        "roc_auc": 0.9770455906644235
      },
      "mlp": {
        "accuracy": 0.9531346035648433,
        "precision": 0.9444444444444444,
        "recall": 0.9055690072639225,
        "f1": 0.9245982694684797,
        "roc_auc": 0.9830007100976098
      },
      "kmeans_unsup": {
        "accuracy": 0.6937615242778119,
        "precision": 0.5096153846153846,
        "recall": 0.9239709443099273,
        "f1": 0.6569116887588226,
        "roc_auc": 0.8721607403762155
      }
    },
    "pca": {
      "log_reg": {
        "accuracy": 0.9345421020282729,
        "precision": 0.880278422273782,
        "recall": 0.9186440677966101,
        "f1": 0.8990521327014218,
        "roc_auc": 0.9752141600984
      },
      "mlp": {
        "accuracy": 0.9509834050399508,
        "precision": 0.9440488301119023,
        "recall": 0.8987893462469734,
        "f1": 0.920863309352518,
        "roc_auc": 0.9822920294131913
      },
      "kmeans_unsup": {
        "accuracy": 0.6936078672403196,
        "precision": 0.5094742460635174,
        "recall": 0.924455205811138,
        "f1": 0.6569167240192704,
        "roc_auc": 0.8725021104013768
      }
    }
  },
  "glove": {
    "original": {
      "log_reg": {
        "accuracy": 0.9391518131530424,
        "precision": 0.8901355773726041,
        "recall": 0.9220338983050848,
        "f1": 0.905803996194101,
        "roc_auc": 0.9777296386458771
      },
      "mlp": {
        "accuracy": 0.9509834050399508,
        "precision": 0.9400201612903226,
        "recall": 0.9031476997578692,
        "f1": 0.9212151148431711,
        "roc_auc": 0.9822388947109991
      },
      "kmeans_unsup": {
        "accuracy": 0.7171173939766441,
        "precision": 0.5309221424627277,
        "recall": 0.9312348668280872,
        "f1": 0.6762792333391946,
        "roc_auc": 0.8863477603586782
      }
    },
    "pca": {
      "log_reg": {
        "accuracy": 0.9383835279655808,
        "precision": 0.8880597014925373,
        "recall": 0.9220338983050848,
        "f1": 0.9047279638869091,
        "roc_auc": 0.9767456384584071
      },
      "mlp": {
        "accuracy": 0.9514443761524278,
        "precision": 0.9401107196779064,
        "recall": 0.9046004842615012,
        "f1": 0.9220138203356367,
        "roc_auc": 0.9826336174268744
      },
      "kmeans_unsup": {
        "accuracy": 0.7143515673017824,
        "precision": 0.5282967032967033,
        "recall": 0.9312348668280872,
        "f1": 0.674145486415425,
        "roc_auc": 0.8858634988574675
      }
    }
  }
}